,name,followers,id,image1,image2,image3,popularity,type,uri,genres,n_times_listen
0,The Latin Brothers,201709.0,2AiZXMqpVlCDnz3trZbWaK,https://i.scdn.co/image/ab67616d0000b2734990e33dce8a42de2ebff7ff,https://i.scdn.co/image/ab67616d00001e024990e33dce8a42de2ebff7ff,https://i.scdn.co/image/ab67616d000048514990e33dce8a42de2ebff7ff,49.0,artist,spotify:artist:2AiZXMqpVlCDnz3trZbWaK,latino,16.0
1,Ice Cube,6792994.0,3Mcii5XWf6E0lrY3Uky4cA,https://i.scdn.co/image/ab6761610000e5eb650e79afafd00492e33d7b8c,https://i.scdn.co/image/ab67616100005174650e79afafd00492e33d7b8c,https://i.scdn.co/image/ab6761610000f178650e79afafd00492e33d7b8c,76.0,artist,spotify:artist:3Mcii5XWf6E0lrY3Uky4cA,hip hop,8.0
2,AFROJACK,3982534.0,4D75GcNG95ebPtNvoNVXhz,https://i.scdn.co/image/ab6761610000e5eb78484e23002e1607039af9b9,https://i.scdn.co/image/ab6761610000517478484e23002e1607039af9b9,https://i.scdn.co/image/ab6761610000f17878484e23002e1607039af9b9,73.0,artist,spotify:artist:4D75GcNG95ebPtNvoNVXhz,dance,6.0
3,Luis Bacalov,26085.0,4iy3JrFlBLHPvXqN1OcQS1,https://i.scdn.co/image/a961ac3d889ed95dc1a43991819ba42622147824,https://i.scdn.co/image/7eedb0df6d55f039d086c09ea1492901aa099a70,https://i.scdn.co/image/e1c5414cb2468a5b8d62cc1c2e1fb865c7353442,47.0,artist,spotify:artist:4iy3JrFlBLHPvXqN1OcQS1,pop,4.0
4,OneRepublic,15387229.0,5Pwc4xIPtQLFEnJriah9YJ,https://i.scdn.co/image/ab6761610000e5eb77bf00f67e21f514dc44c485,https://i.scdn.co/image/ab6761610000517477bf00f67e21f514dc44c485,https://i.scdn.co/image/ab6761610000f17877bf00f67e21f514dc44c485,84.0,artist,spotify:artist:5Pwc4xIPtQLFEnJriah9YJ,pop,40.0
5,Ben E. King,516195.0,3plJVWt88EqjvtuB4ZDRV3,https://i.scdn.co/image/22c8cd28a71661b4dbd462e2d45b04b3e1b78572,https://i.scdn.co/image/7acecc812be1bfff5c86e12fa96d22a99a69ca0c,https://i.scdn.co/image/48e0bc961b3644ff379274161608e99dae724ac9,66.0,artist,spotify:artist:3plJVWt88EqjvtuB4ZDRV3,rock,3.0
6,Los Lobos,140130.0,6OWapcJm9xd55ci9CYbAuT,https://i.scdn.co/image/ab6761610000e5ebac4404f853105ca0ae098306,https://i.scdn.co/image/ab67616100005174ac4404f853105ca0ae098306,https://i.scdn.co/image/ab6761610000f178ac4404f853105ca0ae098306,59.0,artist,spotify:artist:6OWapcJm9xd55ci9CYbAuT,rock,2.0
7,Pastor Lopez Y Su Combo,103292.0,1OaJc4r2SBZ7Iokg2Gkwde,https://i.scdn.co/image/ab67616d0000b27323b4a541ae3f5e9955acda7d,https://i.scdn.co/image/ab67616d00001e0223b4a541ae3f5e9955acda7d,https://i.scdn.co/image/ab67616d0000485123b4a541ae3f5e9955acda7d,39.0,artist,spotify:artist:1OaJc4r2SBZ7Iokg2Gkwde,pop,8.0
8,Red Hot Chili Peppers,19492525.0,0L8ExT028jH3ddEcZwqJJ5,https://i.scdn.co/image/ab6761610000e5ebc33cc15260b767ddec982ce8,https://i.scdn.co/image/ab67616100005174c33cc15260b767ddec982ce8,https://i.scdn.co/image/ab6761610000f178c33cc15260b767ddec982ce8,83.0,artist,spotify:artist:0L8ExT028jH3ddEcZwqJJ5,rock,6.0
9,Taburete,405183.0,40Ippe6JeofRURQ4nbF8DT,https://i.scdn.co/image/ab6761610000e5eb932c253df0d51df9adcedbda,https://i.scdn.co/image/ab67616100005174932c253df0d51df9adcedbda,https://i.scdn.co/image/ab6761610000f178932c253df0d51df9adcedbda,59.0,artist,spotify:artist:40Ippe6JeofRURQ4nbF8DT,pop,14.0
10,Limp Bizkit,5086638.0,165ZgPlLkK7bf5bDoFc6Sb,https://i.scdn.co/image/4654955890cb62a6abe9daadfd2b3ecdee8036e4,https://i.scdn.co/image/c8e241c3b7ddb2839be99acf9a1ad2d73f04b936,https://i.scdn.co/image/38532b2db9bc627567271da917855a59be788860,75.0,artist,spotify:artist:165ZgPlLkK7bf5bDoFc6Sb,rock,6.0
11,Nirvana,17353567.0,6olE6TJLqED3rqDCT0FyPh,https://i.scdn.co/image/84282c28d851a700132356381fcfbadc67ff498b,https://i.scdn.co/image/a4e10b79a642e9891383448cbf37d7266a6883d6,https://i.scdn.co/image/42ae0f180f16e2f21c1f2212717fc436f5b95451,82.0,artist,spotify:artist:6olE6TJLqED3rqDCT0FyPh,rock,12.857142857142858
12,Ken Zazpi,41170.0,0G45dyImdHkcFZLIFDUgBK,https://i.scdn.co/image/ab6761610000e5eb2b32e7f3f11b729b66d81fe6,https://i.scdn.co/image/ab676161000051742b32e7f3f11b729b66d81fe6,https://i.scdn.co/image/ab6761610000f1782b32e7f3f11b729b66d81fe6,40.0,artist,spotify:artist:0G45dyImdHkcFZLIFDUgBK,rock,3.0
13,Los Embajadores Vallenatos,312925.0,7fKNYbN8RoEoPyi6FoGMLf,https://i.scdn.co/image/ab67616d0000b273219da515e3946972c37d2a9c,https://i.scdn.co/image/ab67616d00001e02219da515e3946972c37d2a9c,https://i.scdn.co/image/ab67616d00004851219da515e3946972c37d2a9c,39.0,artist,spotify:artist:7fKNYbN8RoEoPyi6FoGMLf,latino,17.5
14,Carla Bruni,491272.0,1HVwzNriKEjaeE06okqSpx,https://i.scdn.co/image/ab6761610000e5eb1d05c17e7271984b1e009d6f,https://i.scdn.co/image/ab676161000051741d05c17e7271984b1e009d6f,https://i.scdn.co/image/ab6761610000f1781d05c17e7271984b1e009d6f,62.0,artist,spotify:artist:1HVwzNriKEjaeE06okqSpx,pop,8.0
15,Rodrigo y Gabriela,406416.0,7vX3cMVyW8gtDA4y855ynF,https://i.scdn.co/image/ab6761610000e5eb0df0aeae73f3637ca5a03517,https://i.scdn.co/image/ab676161000051740df0aeae73f3637ca5a03517,https://i.scdn.co/image/ab6761610000f1780df0aeae73f3637ca5a03517,52.0,artist,spotify:artist:7vX3cMVyW8gtDA4y855ynF,rock,16.5
16,The Black Keys,3852780.0,7mnBLXK823vNxN3UWB7Gfz,https://i.scdn.co/image/ab6761610000e5ebae537808bd15be9f7031e99b,https://i.scdn.co/image/ab67616100005174ae537808bd15be9f7031e99b,https://i.scdn.co/image/ab6761610000f178ae537808bd15be9f7031e99b,71.0,artist,spotify:artist:7mnBLXK823vNxN3UWB7Gfz,rock,14.0
17,Kid Ink,2979636.0,6KZDXtSj0SzGOV705nNeh3,https://i.scdn.co/image/ab6761610000e5eb15a85a7957cac2c370e713ab,https://i.scdn.co/image/ab6761610000517415a85a7957cac2c370e713ab,https://i.scdn.co/image/ab6761610000f17815a85a7957cac2c370e713ab,69.0,artist,spotify:artist:6KZDXtSj0SzGOV705nNeh3,hip hop,11.0
18,Sam Cooke,1472090.0,6hnWRPzGGKiapVX1UCdEAC,https://i.scdn.co/image/ab6761610000e5eb41aaa3a05d2ddba59454273e,https://i.scdn.co/image/ab6761610000517441aaa3a05d2ddba59454273e,https://i.scdn.co/image/ab6761610000f17841aaa3a05d2ddba59454273e,68.0,artist,spotify:artist:6hnWRPzGGKiapVX1UCdEAC,pop,19.0
19,ODESZA,1473762.0,21mKp7DqtSNHhCAU2ugvUw,https://i.scdn.co/image/ab6761610000e5eb2332be9ab8f6b2197f8ad00e,https://i.scdn.co/image/ab676161000051742332be9ab8f6b2197f8ad00e,https://i.scdn.co/image/ab6761610000f1782332be9ab8f6b2197f8ad00e,71.0,artist,spotify:artist:21mKp7DqtSNHhCAU2ugvUw,dance,7.0
20,The Monkees,1067624.0,320EPCSEezHt1rtbfwH6Ck,https://i.scdn.co/image/ab6761610000e5ebbdef7f178c9cf2e8d50cb9b9,https://i.scdn.co/image/ab67616100005174bdef7f178c9cf2e8d50cb9b9,https://i.scdn.co/image/ab6761610000f178bdef7f178c9cf2e8d50cb9b9,64.0,artist,spotify:artist:320EPCSEezHt1rtbfwH6Ck,rock,6.0
21,Bad Bunny,67529342.0,4q3ewBCX7sLwd24euuV69X,https://i.scdn.co/image/ab6761610000e5eb8ee9a6f54dcbd4bc95126b14,https://i.scdn.co/image/ab676161000051748ee9a6f54dcbd4bc95126b14,https://i.scdn.co/image/ab6761610000f1788ee9a6f54dcbd4bc95126b14,97.0,artist,spotify:artist:4q3ewBCX7sLwd24euuV69X,reggaeton,3.3333333333333335
22,The Animals,2194925.0,3ICflSq6ZgYAIrm2CTkfVP,https://i.scdn.co/image/ab6761610000e5eb3ce1e2a99cffc7c662938b01,https://i.scdn.co/image/ab676161000051743ce1e2a99cffc7c662938b01,https://i.scdn.co/image/ab6761610000f1783ce1e2a99cffc7c662938b01,65.0,artist,spotify:artist:3ICflSq6ZgYAIrm2CTkfVP,rock,9.333333333333334
23,Eminem,68939149.0,7dGJo4pcD2V6oG8kP0tJRR,https://i.scdn.co/image/ab6761610000e5eba00b11c129b27a88fc72f36b,https://i.scdn.co/image/ab67616100005174a00b11c129b27a88fc72f36b,https://i.scdn.co/image/ab6761610000f178a00b11c129b27a88fc72f36b,92.0,artist,spotify:artist:7dGJo4pcD2V6oG8kP0tJRR,hip hop,8.25
24,Green Day,13934530.0,7oPftvlwr6VrsViSDV7fJY,https://i.scdn.co/image/ab6761610000e5eb047eac333eff0be4abe32cbf,https://i.scdn.co/image/ab67616100005174047eac333eff0be4abe32cbf,https://i.scdn.co/image/ab6761610000f178047eac333eff0be4abe32cbf,80.0,artist,spotify:artist:7oPftvlwr6VrsViSDV7fJY,rock,4.5
25,The Police,5414329.0,5NGO30tJxFlKixkPSgXcFE,https://i.scdn.co/image/1f73a61faca2942cd5ea29c2143184db8645f0b3,https://i.scdn.co/image/72fe2cadb69ab59960ae3dbd29618549e4432699,https://i.scdn.co/image/078c3d6784e53ca7490fb63218560d20100a18f2,76.0,artist,spotify:artist:5NGO30tJxFlKixkPSgXcFE,rock,7.5
26,Platero Y Tu,280631.0,1fQt5j7DTPuAOjdbTYgWav,https://i.scdn.co/image/2507938ca3b5c8867438c7b091600ed8c21f5a9d,https://i.scdn.co/image/de8b73b7b71c3e5a4518d9a36b0b37b04ec5042a,https://i.scdn.co/image/a4f0705b84a97e60e81abaa174055f070c272667,51.0,artist,spotify:artist:1fQt5j7DTPuAOjdbTYgWav,rock,7.0
27,Cage The Elephant,3220025.0,26T3LtbuGT1Fu9m0eRq5X3,https://i.scdn.co/image/ab6761610000e5eb7d994f7e137c10249de19455,https://i.scdn.co/image/ab676161000051747d994f7e137c10249de19455,https://i.scdn.co/image/ab6761610000f1787d994f7e137c10249de19455,74.0,artist,spotify:artist:26T3LtbuGT1Fu9m0eRq5X3,rock,9.0
28,Rodolfo Aicardi,256587.0,3IUAZiICL3J7GlHYPgT414,https://i.scdn.co/image/ab67616d0000b2733c58b1b27eda035779b1c4ab,https://i.scdn.co/image/ab67616d00001e023c58b1b27eda035779b1c4ab,https://i.scdn.co/image/ab67616d000048513c58b1b27eda035779b1c4ab,53.0,artist,spotify:artist:3IUAZiICL3J7GlHYPgT414,latino,2.5
29,Twenty One Pilots,23506172.0,3YQKmKGau1PzlVlkL1iodx,https://i.scdn.co/image/ab6761610000e5eb196972172c37d934d9ca8093,https://i.scdn.co/image/ab67616100005174196972172c37d934d9ca8093,https://i.scdn.co/image/ab6761610000f178196972172c37d934d9ca8093,81.0,artist,spotify:artist:3YQKmKGau1PzlVlkL1iodx,rock,2.0
30,Miley Cyrus,20361500.0,5YGY8feqx7naU7z4HrwZM6,https://i.scdn.co/image/ab6761610000e5eb7e8110a92ec2252f0821f8b8,https://i.scdn.co/image/ab676161000051747e8110a92ec2252f0821f8b8,https://i.scdn.co/image/ab6761610000f1787e8110a92ec2252f0821f8b8,91.0,artist,spotify:artist:5YGY8feqx7naU7z4HrwZM6,pop,5.0
31,Incubus,3044030.0,3YcBF2ttyueytpXtEzn1Za,https://i.scdn.co/image/ab6761610000e5ebbaebf3a81961bdf7173ab959,https://i.scdn.co/image/ab67616100005174baebf3a81961bdf7173ab959,https://i.scdn.co/image/ab6761610000f178baebf3a81961bdf7173ab959,69.0,artist,spotify:artist:3YcBF2ttyueytpXtEzn1Za,rock,6.0
32,David Guetta,25831038.0,1Cs0zKBU1kc0i8ypK3B9ai,https://i.scdn.co/image/ab6761610000e5eb75348e1aade2645ad9c58829,https://i.scdn.co/image/ab6761610000517475348e1aade2645ad9c58829,https://i.scdn.co/image/ab6761610000f17875348e1aade2645ad9c58829,89.0,artist,spotify:artist:1Cs0zKBU1kc0i8ypK3B9ai,dance,8.25
33,YG,3066833.0,0A0FS04o6zMoto8OKPsDwY,https://i.scdn.co/image/ab6761610000e5ebcca4dcb3ab73e951f6d226b9,https://i.scdn.co/image/ab67616100005174cca4dcb3ab73e951f6d226b9,https://i.scdn.co/image/ab6761610000f178cca4dcb3ab73e951f6d226b9,76.0,artist,spotify:artist:0A0FS04o6zMoto8OKPsDwY,hip hop,4.0
34,Mason Williams,11630.0,1XgVoPT2Va5L64LFzskVBW,https://i.scdn.co/image/ab67616d0000b27302b90d5203aca903e0238f14,https://i.scdn.co/image/ab67616d00001e0202b90d5203aca903e0238f14,https://i.scdn.co/image/ab67616d0000485102b90d5203aca903e0238f14,38.0,artist,spotify:artist:1XgVoPT2Va5L64LFzskVBW,rock,3.0
35,Meek Mill,7106475.0,20sxb77xiYeusSH8cVdatc,https://i.scdn.co/image/ab6761610000e5eb238b2a30c741d42a4c91b7b7,https://i.scdn.co/image/ab67616100005174238b2a30c741d42a4c91b7b7,https://i.scdn.co/image/ab6761610000f178238b2a30c741d42a4c91b7b7,76.0,artist,spotify:artist:20sxb77xiYeusSH8cVdatc,hip hop,6.0
36,Camilo,17690659.0,28gNT5KBp7IjEOQoevXf9N,https://i.scdn.co/image/ab6761610000e5ebc85ae756174cc69352bf6b97,https://i.scdn.co/image/ab67616100005174c85ae756174cc69352bf6b97,https://i.scdn.co/image/ab6761610000f178c85ae756174cc69352bf6b97,80.0,artist,spotify:artist:28gNT5KBp7IjEOQoevXf9N,pop,6.0
37,Survivor,967510.0,26bcq2nyj5GB7uRr558iQg,https://i.scdn.co/image/da30acd2c9d0f32f5f5a2d69f32c2d30335466b5,https://i.scdn.co/image/4b664fd84812a6275249447cae61ca048721c52d,https://i.scdn.co/image/7b6f21db11d15febd6e8079f0f2b147ccac427b4,68.0,artist,spotify:artist:26bcq2nyj5GB7uRr558iQg,rock,2.0
38,Itoiz,16949.0,374CMEgFxOe0LvYBBbeb9u,https://i.scdn.co/image/ab67616d0000b273aec0c21010fdf9aed5a49819,https://i.scdn.co/image/ab67616d00001e02aec0c21010fdf9aed5a49819,https://i.scdn.co/image/ab67616d00004851aec0c21010fdf9aed5a49819,32.0,artist,spotify:artist:374CMEgFxOe0LvYBBbeb9u,rock,3.0
39,Calle 13,2835069.0,0yNSzH5nZmHzeE2xn6Xshb,https://i.scdn.co/image/edabfb79fbf3d71ad9d0961a7b199a1470fe5372,https://i.scdn.co/image/a3c9dd492b973e5d5ebfd957b30325972c16d2d4,https://i.scdn.co/image/896866e81c4a3d873ce3a28b2396f75212d192a0,69.0,artist,spotify:artist:0yNSzH5nZmHzeE2xn6Xshb,reggaeton,13.0
40,Vladsta,1490.0,3RWrARiknL6w2XUbCS61h9,https://i.scdn.co/image/ab6761610000e5eb5a20b67d9384a1c0fdeb4f9a,https://i.scdn.co/image/ab676161000051745a20b67d9384a1c0fdeb4f9a,https://i.scdn.co/image/ab6761610000f1785a20b67d9384a1c0fdeb4f9a,38.0,artist,spotify:artist:3RWrARiknL6w2XUbCS61h9,hip hop,2.0
41,Harry Styles,27025537.0,6KImCVD70vtIoJWnq6nGn3,https://i.scdn.co/image/ab6761610000e5ebf7db7c8ede90a019c54590bb,https://i.scdn.co/image/ab67616100005174f7db7c8ede90a019c54590bb,https://i.scdn.co/image/ab6761610000f178f7db7c8ede90a019c54590bb,89.0,artist,spotify:artist:6KImCVD70vtIoJWnq6nGn3,pop,6.0
42,Alaitz Eta Maider,10203.0,1MdteBUVAzuYxDbINV8U22,https://i.scdn.co/image/ab67616d0000b2732072ac5a292a27a2418e858e,https://i.scdn.co/image/ab67616d00001e022072ac5a292a27a2418e858e,https://i.scdn.co/image/ab67616d000048512072ac5a292a27a2418e858e,30.0,artist,spotify:artist:1MdteBUVAzuYxDbINV8U22,rock,3.0
43,Shakira,28410863.0,0EmeFodog0BfCgMzAIvKQp,https://i.scdn.co/image/ab6761610000e5eb284894d68fe2f80cad555110,https://i.scdn.co/image/ab67616100005174284894d68fe2f80cad555110,https://i.scdn.co/image/ab6761610000f178284894d68fe2f80cad555110,91.0,artist,spotify:artist:0EmeFodog0BfCgMzAIvKQp,pop,19.4
44,Chuck Berry,1778963.0,293zczrfYafIItmnmM3coR,https://i.scdn.co/image/d58323616d4f5d22b51e9dfe0ba53aedabe53cd4,https://i.scdn.co/image/7cfff5d03c5f80539eebba8827e8569c71898ea4,https://i.scdn.co/image/dd7b763fb49c35b1ebaadf3695156aeb7d9f9ca3,66.0,artist,spotify:artist:293zczrfYafIItmnmM3coR,rock,9.0
45,Sam Ryder,321424.0,1rvnJJghrxl1xakJZct08m,https://i.scdn.co/image/ab6761610000e5eb07b74e91a03794044ea0a678,https://i.scdn.co/image/ab6761610000517407b74e91a03794044ea0a678,https://i.scdn.co/image/ab6761610000f17807b74e91a03794044ea0a678,60.0,artist,spotify:artist:1rvnJJghrxl1xakJZct08m,pop,2.0
46,Counting Crows,1633027.0,0vEsuISMWAKNctLlUAhSZC,https://i.scdn.co/image/ab6761610000e5eba6f88c86470fd6350f4a5535,https://i.scdn.co/image/ab67616100005174a6f88c86470fd6350f4a5535,https://i.scdn.co/image/ab6761610000f178a6f88c86470fd6350f4a5535,69.0,artist,spotify:artist:0vEsuISMWAKNctLlUAhSZC,rock,5.0
47,Fruko Y Sus Tesos,300602.0,5aAlzehdUM14I4ppq24Xob,https://i.scdn.co/image/ab6761610000e5eb714319e9aab8fe282723b7c6,https://i.scdn.co/image/ab67616100005174714319e9aab8fe282723b7c6,https://i.scdn.co/image/ab6761610000f178714319e9aab8fe282723b7c6,55.0,artist,spotify:artist:5aAlzehdUM14I4ppq24Xob,latino,7.0
48,Ariana Grande,89491097.0,66CXWjxzNUsdJxJ2JdwvnR,https://i.scdn.co/image/ab6761610000e5ebcdce7620dc940db079bf4952,https://i.scdn.co/image/ab67616100005174cdce7620dc940db079bf4952,https://i.scdn.co/image/ab6761610000f178cdce7620dc940db079bf4952,91.0,artist,spotify:artist:66CXWjxzNUsdJxJ2JdwvnR,pop,28.0
49,Carlos Vives,5891699.0,4vhNDa5ycK0ST968ek7kRr,https://i.scdn.co/image/ab6761610000e5eb18f5ea6570e1301a546ecd73,https://i.scdn.co/image/ab6761610000517418f5ea6570e1301a546ecd73,https://i.scdn.co/image/ab6761610000f17818f5ea6570e1301a546ecd73,75.0,artist,spotify:artist:4vhNDa5ycK0ST968ek7kRr,pop,2.0
50,Wolf Alice,615787.0,3btzEQD6sugImIHPMRgkwV,https://i.scdn.co/image/ab6761610000e5eb8c758dc10677dcff19a8193a,https://i.scdn.co/image/ab676161000051748c758dc10677dcff19a8193a,https://i.scdn.co/image/ab6761610000f1788c758dc10677dcff19a8193a,61.0,artist,spotify:artist:3btzEQD6sugImIHPMRgkwV,rock,2.0
51,will.i.am,3995954.0,085pc2PYOi8bGKj0PNjekA,https://i.scdn.co/image/ab6761610000e5ebc9ab8da6f7a3ce02f0b16fd8,https://i.scdn.co/image/ab67616100005174c9ab8da6f7a3ce02f0b16fd8,https://i.scdn.co/image/ab6761610000f178c9ab8da6f7a3ce02f0b16fd8,74.0,artist,spotify:artist:085pc2PYOi8bGKj0PNjekA,pop,13.0
52,Mano Negra,243912.0,6jq7GptAwkoFiunDhZYqQ2,https://i.scdn.co/image/ab6761610000e5eb9587fb9bd6a555ea04ecc92c,https://i.scdn.co/image/ab676161000051749587fb9bd6a555ea04ecc92c,https://i.scdn.co/image/ab6761610000f1789587fb9bd6a555ea04ecc92c,53.0,artist,spotify:artist:6jq7GptAwkoFiunDhZYqQ2,rock,11.0
53,Aloe Blacc,703875.0,0id62QV2SZZfvBn9xpmuCl,https://i.scdn.co/image/ab6761610000e5eb6e32f8634cccacea62a7f5ce,https://i.scdn.co/image/ab676161000051746e32f8634cccacea62a7f5ce,https://i.scdn.co/image/ab6761610000f1786e32f8634cccacea62a7f5ce,67.0,artist,spotify:artist:0id62QV2SZZfvBn9xpmuCl,pop,5.0
54,The Castaways,4729.0,3PbCnPQUMUHJXAI9g2Ld7V,https://i.scdn.co/image/ab67616d0000b2734c68627b39b807870c5d2fbd,https://i.scdn.co/image/ab67616d00001e024c68627b39b807870c5d2fbd,https://i.scdn.co/image/ab67616d000048514c68627b39b807870c5d2fbd,33.0,artist,spotify:artist:3PbCnPQUMUHJXAI9g2Ld7V,rock,5.0
55,Stromae,2947675.0,5j4HeCoUlzhfWtjAfM1acR,https://i.scdn.co/image/ab6761610000e5eb5e22bd1057446fccb9fce27c,https://i.scdn.co/image/ab676161000051745e22bd1057446fccb9fce27c,https://i.scdn.co/image/ab6761610000f1785e22bd1057446fccb9fce27c,73.0,artist,spotify:artist:5j4HeCoUlzhfWtjAfM1acR,pop,4.0
56,Metallica,24388970.0,2ye2Wgw4gimLv2eAKyk1NB,https://i.scdn.co/image/ab6761610000e5eb69ca98dd3083f1082d740e44,https://i.scdn.co/image/ab6761610000517469ca98dd3083f1082d740e44,https://i.scdn.co/image/ab6761610000f17869ca98dd3083f1082d740e44,84.0,artist,spotify:artist:2ye2Wgw4gimLv2eAKyk1NB,rock,2.5
57,Arctic Monkeys,19393581.0,7Ln80lUS6He07XvHI8qqHH,https://i.scdn.co/image/ab6761610000e5eb7da39dea0a72f581535fb11f,https://i.scdn.co/image/ab676161000051747da39dea0a72f581535fb11f,https://i.scdn.co/image/ab6761610000f1787da39dea0a72f581535fb11f,87.0,artist,spotify:artist:7Ln80lUS6He07XvHI8qqHH,rock,4.5
58,M친neskin,7180834.0,0lAWpj5szCSwM4rUMHYmrr,https://i.scdn.co/image/ab6761610000e5eb734144a8667a0bab0a9b9481,https://i.scdn.co/image/ab67616100005174734144a8667a0bab0a9b9481,https://i.scdn.co/image/ab6761610000f178734144a8667a0bab0a9b9481,82.0,artist,spotify:artist:0lAWpj5szCSwM4rUMHYmrr,rock,14.333333333333334
59,The Rolling Stones,12815748.0,22bE4uQ6baNwSHPVcDxLCe,https://i.scdn.co/image/ab6761610000e5ebd3cb15a8570cce5a63af63d8,https://i.scdn.co/image/ab67616100005174d3cb15a8570cce5a63af63d8,https://i.scdn.co/image/ab6761610000f178d3cb15a8570cce5a63af63d8,79.0,artist,spotify:artist:22bE4uQ6baNwSHPVcDxLCe,rock,3.0
60,SZA,11905995.0,7tYKF4w9nC0nq9CsPZTHyP,https://i.scdn.co/image/ab6761610000e5eb7eb7f6371aad8e67e01f0a03,https://i.scdn.co/image/ab676161000051747eb7f6371aad8e67e01f0a03,https://i.scdn.co/image/ab6761610000f1787eb7f6371aad8e67e01f0a03,92.0,artist,spotify:artist:7tYKF4w9nC0nq9CsPZTHyP,pop,2.0
61,DMX,4219126.0,1HwM5zlC5qNWhJtM00yXzG,https://i.scdn.co/image/ab6772690000c46c3074f51af22630a1c86da016,https://i.scdn.co/image/ab6772690000dd223074f51af22630a1c86da016,https://i.scdn.co/image/ab6772690000bac33074f51af22630a1c86da016,72.0,artist,spotify:artist:1HwM5zlC5qNWhJtM00yXzG,hip hop,9.0
62,Buffalo Springfield,724337.0,3eskO5m0H4yiF64vRySBjr,https://i.scdn.co/image/b701ba75981d0b9aeef036b9fab4e3c96609e364,https://i.scdn.co/image/52e254506bdba02418c836d1272f8de58933d7c6,https://i.scdn.co/image/f4ea5031036120db540cf8efdf24a8bace04f475,63.0,artist,spotify:artist:3eskO5m0H4yiF64vRySBjr,rock,27.0
63,Becky G,13262347.0,4obzFoKoKRHIphyHzJ35G3,https://i.scdn.co/image/ab6761610000e5eb7f97c0f27aa7ae7f8351e47a,https://i.scdn.co/image/ab676161000051747f97c0f27aa7ae7f8351e47a,https://i.scdn.co/image/ab6761610000f1787f97c0f27aa7ae7f8351e47a,80.0,artist,spotify:artist:4obzFoKoKRHIphyHzJ35G3,latino,2.0
64,Compay Segundo,210684.0,2wpr4ILskkRzPBGodmbMs1,https://i.scdn.co/image/7825a81ed5b56b1bce246ac2ec89eb34c50b77f5,https://i.scdn.co/image/13923ce002a9f002e2389c18313ba57808bfd976,https://i.scdn.co/image/14e536a033dd9a6bdce033b661f74411ffd34c54,44.0,artist,spotify:artist:2wpr4ILskkRzPBGodmbMs1,latino,11.666666666666666
65,Francisco T치rrega,77232.0,3cYz1jb3gzmFv2R0Dj3U2t,https://i.scdn.co/image/9eb8c5eb49a98c9a27a0b55ae46a1b0d2b67b9f7,https://i.scdn.co/image/7c4e2332d624f6e20d8e1043eef49baf9eace19d,https://i.scdn.co/image/a8301837759777dd40f5ef1c3a5a06242832fbeb,49.0,artist,spotify:artist:3cYz1jb3gzmFv2R0Dj3U2t,classical,8.0
66,Thrice,428733.0,3NChzMpu9exTlNPiqUQ2DE,https://i.scdn.co/image/ab6761610000e5eb6a29072c320c99c245fe24e2,https://i.scdn.co/image/ab676161000051746a29072c320c99c245fe24e2,https://i.scdn.co/image/ab6761610000f1786a29072c320c99c245fe24e2,58.0,artist,spotify:artist:3NChzMpu9exTlNPiqUQ2DE,rock,2.0
67,George Michael,4201784.0,19ra5tSw0tWufvUp8GotLo,https://i.scdn.co/image/ab6761610000e5ebf8b74c36ba6c31fc0f58783c,https://i.scdn.co/image/ab67616100005174f8b74c36ba6c31fc0f58783c,https://i.scdn.co/image/ab6761610000f178f8b74c36ba6c31fc0f58783c,73.0,artist,spotify:artist:19ra5tSw0tWufvUp8GotLo,pop,9.0
68,Cypress Hill,1792546.0,4P0dddbxPil35MNN9G2MEX,https://i.scdn.co/image/ab6761610000e5ebcc9097281a479a76d696c5bf,https://i.scdn.co/image/ab67616100005174cc9097281a479a76d696c5bf,https://i.scdn.co/image/ab6761610000f178cc9097281a479a76d696c5bf,69.0,artist,spotify:artist:4P0dddbxPil35MNN9G2MEX,hip hop,11.0
69,Bob Dylan,6075631.0,74ASZWbe4lXaubB36ztrGX,https://i.scdn.co/image/ab6772690000c46cf79ca05dcc1581c712bf3658,https://i.scdn.co/image/ab6772690000dd22f79ca05dcc1581c712bf3658,https://i.scdn.co/image/ab6772690000bac3f79ca05dcc1581c712bf3658,72.0,artist,spotify:artist:74ASZWbe4lXaubB36ztrGX,rock,7.0
70,Joji,8358787.0,3MZsBdqDrRTJihTHQrO6Dq,https://i.scdn.co/image/ab6761610000e5eb4111c95b5f430c3265c7304b,https://i.scdn.co/image/ab676161000051744111c95b5f430c3265c7304b,https://i.scdn.co/image/ab6761610000f1784111c95b5f430c3265c7304b,83.0,artist,spotify:artist:3MZsBdqDrRTJihTHQrO6Dq,pop,2.0
71,Marc Rebillet,393532.0,72udTJKu1pGovvS9aCYGMI,https://i.scdn.co/image/ab6761610000e5eb5ab3e34673e5391769f9f586,https://i.scdn.co/image/ab676161000051745ab3e34673e5391769f9f586,https://i.scdn.co/image/ab6761610000f1785ab3e34673e5391769f9f586,48.0,artist,spotify:artist:72udTJKu1pGovvS9aCYGMI,hip hop,10.0
72,Andy Williams,482305.0,4sj6D0zlMOl25nprDJBiU9,https://i.scdn.co/image/ab6761610000e5eb5888acdca5e748e796b4e69b,https://i.scdn.co/image/ab676161000051745888acdca5e748e796b4e69b,https://i.scdn.co/image/ab6761610000f1785888acdca5e748e796b4e69b,58.0,artist,spotify:artist:4sj6D0zlMOl25nprDJBiU9,rock,2.0
73,Cardi B,21377052.0,4kYSro6naA4h99UJvo89HB,https://i.scdn.co/image/ab6761610000e5eb8c2332e6c0ed96d144a91b3f,https://i.scdn.co/image/ab676161000051748c2332e6c0ed96d144a91b3f,https://i.scdn.co/image/ab6761610000f1788c2332e6c0ed96d144a91b3f,81.0,artist,spotify:artist:4kYSro6naA4h99UJvo89HB,pop,3.0
74,Pereza,444550.0,6mfK6Q2tzLMEchAr0e9Uzu,https://i.scdn.co/image/05162685f73db49dd2b446818cfd03a848f67415,https://i.scdn.co/image/1a7afe906835d259955b2ffe52d615e9749a8966,https://i.scdn.co/image/dd58615afa1e6191c3852030912c6a8ac2558ea9,58.0,artist,spotify:artist:6mfK6Q2tzLMEchAr0e9Uzu,rock,15.5
75,Rage Against The Machine,5382580.0,2d0hyoQ5ynDBnkvAbJKORj,https://i.scdn.co/image/ab6761610000e5ebda4bd2b213cae330e2a4a901,https://i.scdn.co/image/ab67616100005174da4bd2b213cae330e2a4a901,https://i.scdn.co/image/ab6761610000f178da4bd2b213cae330e2a4a901,72.0,artist,spotify:artist:2d0hyoQ5ynDBnkvAbJKORj,rock,4.6
76,Man치,9557760.0,7okwEbXzyT2VffBmyQBWLz,https://i.scdn.co/image/ab6761610000e5eb152dcec8175d19fb12eeb8e0,https://i.scdn.co/image/ab67616100005174152dcec8175d19fb12eeb8e0,https://i.scdn.co/image/ab6761610000f178152dcec8175d19fb12eeb8e0,78.0,artist,spotify:artist:7okwEbXzyT2VffBmyQBWLz,pop,18.5
77,Drake,73966445.0,3TVXtAsR1Inumwj472S9r4,https://i.scdn.co/image/ab6761610000e5eb4293385d324db8558179afd9,https://i.scdn.co/image/ab676161000051744293385d324db8558179afd9,https://i.scdn.co/image/ab6761610000f1784293385d324db8558179afd9,97.0,artist,spotify:artist:3TVXtAsR1Inumwj472S9r4,hip hop,8.0
78,Macklemore & Ryan Lewis,2614477.0,5BcAKTbp20cv7tC5VqPFoC,https://i.scdn.co/image/ab6761610000e5eb3c2f1ba4c1a3de141e63d775,https://i.scdn.co/image/ab676161000051743c2f1ba4c1a3de141e63d775,https://i.scdn.co/image/ab6761610000f1783c2f1ba4c1a3de141e63d775,75.0,artist,spotify:artist:5BcAKTbp20cv7tC5VqPFoC,hip hop,8.0
79,Ed Sheeran,111160563.0,6eUKZXaKkcviH0Ku9w2n3V,https://i.scdn.co/image/ab6761610000e5eb9e690225ad4445530612ccc9,https://i.scdn.co/image/ab676161000051749e690225ad4445530612ccc9,https://i.scdn.co/image/ab6761610000f1789e690225ad4445530612ccc9,91.0,artist,spotify:artist:6eUKZXaKkcviH0Ku9w2n3V,pop,6.454545454545454
80,Outkast,2211336.0,1G9G7WwrXka3Z1r7aIDjI7,https://i.scdn.co/image/ab6761610000e5eb0cb3f95b9f8f7337e135a925,https://i.scdn.co/image/ab676161000051740cb3f95b9f8f7337e135a925,https://i.scdn.co/image/ab6761610000f1780cb3f95b9f8f7337e135a925,75.0,artist,spotify:artist:1G9G7WwrXka3Z1r7aIDjI7,hip hop,29.0
81,Taylor Swift,71883095.0,06HL4z0CvFAxyc27GXpf02,https://i.scdn.co/image/ab6761610000e5eb5a00969a4698c3132a15fbb0,https://i.scdn.co/image/ab676161000051745a00969a4698c3132a15fbb0,https://i.scdn.co/image/ab6761610000f1785a00969a4698c3132a15fbb0,100.0,artist,spotify:artist:06HL4z0CvFAxyc27GXpf02,pop,2.6666666666666665
82,Ozuna,36325437.0,1i8SpTcr7yvPOmcqrbnVXY,https://i.scdn.co/image/ab6761610000e5eb39ce949d62ff47fc1de1a2d9,https://i.scdn.co/image/ab6761610000517439ce949d62ff47fc1de1a2d9,https://i.scdn.co/image/ab6761610000f17839ce949d62ff47fc1de1a2d9,89.0,artist,spotify:artist:1i8SpTcr7yvPOmcqrbnVXY,pop,2.0
83,Mark Ronson,1006896.0,3hv9jJF3adDNsBSIQDqcjp,https://i.scdn.co/image/ab6761610000e5eb105cc9628c315b29d299fbb4,https://i.scdn.co/image/ab67616100005174105cc9628c315b29d299fbb4,https://i.scdn.co/image/ab6761610000f178105cc9628c315b29d299fbb4,75.0,artist,spotify:artist:3hv9jJF3adDNsBSIQDqcjp,pop,8.0
84,Supergrass,539270.0,0sHeX8oQ6o7xic3wMf4NBU,https://i.scdn.co/image/ab6761610000e5eb07cb4c66b99dffbd82328366,https://i.scdn.co/image/ab6761610000517407cb4c66b99dffbd82328366,https://i.scdn.co/image/ab6761610000f17807cb4c66b99dffbd82328366,58.0,artist,spotify:artist:0sHeX8oQ6o7xic3wMf4NBU,rock,6.0
85,Michael Jackson,26817804.0,3fMbdgg4jU18AjLCKBhRSm,https://i.scdn.co/image/ab6761610000e5eb0e08ea2c4d6789fbf5cbe0aa,https://i.scdn.co/image/ab676161000051740e08ea2c4d6789fbf5cbe0aa,https://i.scdn.co/image/ab6761610000f1780e08ea2c4d6789fbf5cbe0aa,83.0,artist,spotify:artist:3fMbdgg4jU18AjLCKBhRSm,pop,5.0
86,Alicia Keys,10600041.0,3DiDSECUqqY1AuBP8qtaIa,https://i.scdn.co/image/ab6761610000e5ebe2be4a270f9ec57fef30a8ad,https://i.scdn.co/image/ab67616100005174e2be4a270f9ec57fef30a8ad,https://i.scdn.co/image/ab6761610000f178e2be4a270f9ec57fef30a8ad,78.0,artist,spotify:artist:3DiDSECUqqY1AuBP8qtaIa,pop,2.5
87,Ska-P,801824.0,2fiiGUBgPsIKDCE0bTthnl,https://i.scdn.co/image/ab6761610000e5eba8887cee6747290d175c547c,https://i.scdn.co/image/ab67616100005174a8887cee6747290d175c547c,https://i.scdn.co/image/ab6761610000f178a8887cee6747290d175c547c,62.0,artist,spotify:artist:2fiiGUBgPsIKDCE0bTthnl,rock,2.0
88,Bill Withers,1468247.0,1ThoqLcyIYvZn7iWbj8fsj,https://i.scdn.co/image/96b85aec6907206572527e1eeec6569d5e977a38,https://i.scdn.co/image/71f81180fa488ceb52df664faadb1d7acf20658e,https://i.scdn.co/image/7d544b8f4344ec6f206e612d0207ffeb5386b571,73.0,artist,spotify:artist:1ThoqLcyIYvZn7iWbj8fsj,pop,6.666666666666667
89,CKay,1251217.0,048LktY5zMnakWq7PTtFrz,https://i.scdn.co/image/ab6761610000e5ebb6a94d2f183c0a550d434be7,https://i.scdn.co/image/ab67616100005174b6a94d2f183c0a550d434be7,https://i.scdn.co/image/ab6761610000f178b6a94d2f183c0a550d434be7,72.0,artist,spotify:artist:048LktY5zMnakWq7PTtFrz,pop,2.0
90,The Association,224336.0,2kuNswDC82PL9xRbfaZJaS,https://i.scdn.co/image/12b6e1639f825d48564b201aec846639bade25d8,https://i.scdn.co/image/a7c84ac41ebf305bcdc9913eddaa0f8bbdfb59ec,https://i.scdn.co/image/43ee1ce4a1b89bf22b7d2a724ef23dfd054412f2,49.0,artist,spotify:artist:2kuNswDC82PL9xRbfaZJaS,pop,4.0
91,Al Di Meola,132589.0,3bBWKHfpepPOychRNFzg4q,https://i.scdn.co/image/ab6761610000e5eb06d58fb9e29d2d0175d038a6,https://i.scdn.co/image/ab6761610000517406d58fb9e29d2d0175d038a6,https://i.scdn.co/image/ab6761610000f17806d58fb9e29d2d0175d038a6,44.0,artist,spotify:artist:3bBWKHfpepPOychRNFzg4q,classical,9.0
92,Bad Meets Evil,1628425.0,77IURH5NC56Jn09QHi76is,https://i.scdn.co/image/570d46c60960d93990710d83a5f8012217eb7aec,https://i.scdn.co/image/4f153c72bff6dccba21ffd360fc308f268a23659,https://i.scdn.co/image/139fd5a828a5e2c4b79d004ad7f42abf9db735c9,62.0,artist,spotify:artist:77IURH5NC56Jn09QHi76is,hip hop,5.0
93,Soziedad Alkoholika,114869.0,2S5OOMthdyp3Qu4IbTGAQ3,https://i.scdn.co/image/ab6761610000e5eb662fffb6c0a2dc20ceea3104,https://i.scdn.co/image/ab67616100005174662fffb6c0a2dc20ceea3104,https://i.scdn.co/image/ab6761610000f178662fffb6c0a2dc20ceea3104,43.0,artist,spotify:artist:2S5OOMthdyp3Qu4IbTGAQ3,rock,10.0
94,Kent Jones,109973.0,3jHBxvZ9gbBkZ17wKUqVsO,https://i.scdn.co/image/ab6761610000e5eb30204b90c55d6084fba02017,https://i.scdn.co/image/ab6761610000517430204b90c55d6084fba02017,https://i.scdn.co/image/ab6761610000f17830204b90c55d6084fba02017,51.0,artist,spotify:artist:3jHBxvZ9gbBkZ17wKUqVsO,hip hop,2.0
95,Wolfgang Amadeus Mozart,4960055.0,4NJhFmfw43RLBLjQvxDuRS,https://i.scdn.co/image/ab6761610000e5eb7fa9108c6dadb8c3ec21da88,https://i.scdn.co/image/ab676161000051747fa9108c6dadb8c3ec21da88,https://i.scdn.co/image/ab6761610000f1787fa9108c6dadb8c3ec21da88,76.0,artist,spotify:artist:4NJhFmfw43RLBLjQvxDuRS,classical,3.0
96,Kate Bush,1671750.0,1aSxMhuvixZ8h9dK9jIDwL,https://i.scdn.co/image/ab6761610000e5eb187017724e58e78ee1f5a8e4,https://i.scdn.co/image/ab67616100005174187017724e58e78ee1f5a8e4,https://i.scdn.co/image/ab6761610000f178187017724e58e78ee1f5a8e4,72.0,artist,spotify:artist:1aSxMhuvixZ8h9dK9jIDwL,pop,2.0
97,Vallenatos Nativos,15611.0,5SdcPt2f884fB3DITvFqok,https://i.scdn.co/image/ab67616d0000b273fedb6b7c1caafad2f772b2e4,https://i.scdn.co/image/ab67616d00001e02fedb6b7c1caafad2f772b2e4,https://i.scdn.co/image/ab67616d00004851fedb6b7c1caafad2f772b2e4,32.0,artist,spotify:artist:5SdcPt2f884fB3DITvFqok,latino,4.0
98,Rihanna,54395347.0,5pKCCKE2ajJHZ9KAiaK11H,https://i.scdn.co/image/ab6761610000e5eb99e4fca7c0b7cb166d915789,https://i.scdn.co/image/ab6761610000517499e4fca7c0b7cb166d915789,https://i.scdn.co/image/ab6761610000f17899e4fca7c0b7cb166d915789,92.0,artist,spotify:artist:5pKCCKE2ajJHZ9KAiaK11H,pop,3.0
99,Gnarls Barkley,483321.0,5SbkVQYYzlw1kte75QIabH,https://i.scdn.co/image/03e8855382d21e1cbf8172c03001ab8847889f38,https://i.scdn.co/image/40cc7d9cb16b5036acf7a4ecd077d3c9c1398ef5,https://i.scdn.co/image/a9450180fbdc74edff28bd992a48ca5718f8163a,65.0,artist,spotify:artist:5SbkVQYYzlw1kte75QIabH,hip hop,10.0
100,KAROL G,34175051.0,790FomKkXshlbRYZFtlgla,https://i.scdn.co/image/ab6761610000e5eb6a0594d5bff11a7e0c7ceb1a,https://i.scdn.co/image/ab676161000051746a0594d5bff11a7e0c7ceb1a,https://i.scdn.co/image/ab6761610000f1786a0594d5bff11a7e0c7ceb1a,92.0,artist,spotify:artist:790FomKkXshlbRYZFtlgla,reggaeton,3.3333333333333335
101,Louis Armstrong,2651901.0,19eLuQmk9aCobbVDHc6eek,https://i.scdn.co/image/ab6772690000c46c4a0e9d5e55f9f3721c3243c5,https://i.scdn.co/image/ab6772690000dd224a0e9d5e55f9f3721c3243c5,https://i.scdn.co/image/ab6772690000bac34a0e9d5e55f9f3721c3243c5,70.0,artist,spotify:artist:19eLuQmk9aCobbVDHc6eek,rock,3.0
102,Aliotta Haynes Jeremiah,16080.0,4VmWYQQ5M9N9AiAx14v2yg,https://i.scdn.co/image/ab67616d0000b273bfd869b5a775481785ce55ad,https://i.scdn.co/image/ab67616d00001e02bfd869b5a775481785ce55ad,https://i.scdn.co/image/ab67616d00004851bfd869b5a775481785ce55ad,48.0,artist,spotify:artist:4VmWYQQ5M9N9AiAx14v2yg,rock,4.0
103,Elvis Presley,8114191.0,43ZHCT0cAZBISjO8DG9PnE,https://i.scdn.co/image/ab6761610000e5eb9a93e273380982dff84c0d7c,https://i.scdn.co/image/ab676161000051749a93e273380982dff84c0d7c,https://i.scdn.co/image/ab6761610000f1789a93e273380982dff84c0d7c,80.0,artist,spotify:artist:43ZHCT0cAZBISjO8DG9PnE,rock,8.0
104,Airbourne,748676.0,6urzdpGY5yUimWZsgJUoTb,https://i.scdn.co/image/ab6761610000e5ebb72d74a9e4ce1398eda31926,https://i.scdn.co/image/ab67616100005174b72d74a9e4ce1398eda31926,https://i.scdn.co/image/ab6761610000f178b72d74a9e4ce1398eda31926,61.0,artist,spotify:artist:6urzdpGY5yUimWZsgJUoTb,rock,2.3333333333333335
105,Mariah Carey,8884724.0,4iHNK0tOyZPYnBU7nGAgpQ,https://i.scdn.co/image/ab6761610000e5eb21b66418f7f3b86967f85bce,https://i.scdn.co/image/ab6761610000517421b66418f7f3b86967f85bce,https://i.scdn.co/image/ab6761610000f17821b66418f7f3b86967f85bce,79.0,artist,spotify:artist:4iHNK0tOyZPYnBU7nGAgpQ,pop,3.0
106,AC/DC,26196278.0,711MCceyCBcFnzjGY4Q7Un,https://i.scdn.co/image/ab6761610000e5ebc4c77549095c86acb4e77b37,https://i.scdn.co/image/ab67616100005174c4c77549095c86acb4e77b37,https://i.scdn.co/image/ab6761610000f178c4c77549095c86acb4e77b37,82.0,artist,spotify:artist:711MCceyCBcFnzjGY4Q7Un,rock,6.0
107,Bruno Mars,47546281.0,0du5cEVh5yTK9QJze8zA0C,https://i.scdn.co/image/ab6761610000e5ebc36dd9eb55fb0db4911f25dd,https://i.scdn.co/image/ab67616100005174c36dd9eb55fb0db4911f25dd,https://i.scdn.co/image/ab6761610000f178c36dd9eb55fb0db4911f25dd,89.0,artist,spotify:artist:0du5cEVh5yTK9QJze8zA0C,pop,9.333333333333334
108,Panjabi MC,230766.0,74D1UgRzMhTSPz698exXmR,https://i.scdn.co/image/856b3a0cb59962e467e997d4aa2abd0b5420ccc6,https://i.scdn.co/image/89214269d2187e6075c1ebe6a47064fe96c27080,https://i.scdn.co/image/54ec799503e0199252ce68a63b2a1f66a5dcb276,55.0,artist,spotify:artist:74D1UgRzMhTSPz698exXmR,hip hop,6.0
109,Dropkick Murphys,1166029.0,7w9jdhcgHNdiPeNPUoFSlx,https://i.scdn.co/image/ab6761610000e5eb2b3032f701dee12a10157f83,https://i.scdn.co/image/ab676161000051742b3032f701dee12a10157f83,https://i.scdn.co/image/ab6761610000f1782b3032f701dee12a10157f83,64.0,artist,spotify:artist:7w9jdhcgHNdiPeNPUoFSlx,rock,5.0
110,Sebastian Yatra,21344400.0,07YUOmWljBTXwIseAUd9TW,https://i.scdn.co/image/ab6761610000e5ebf316bf60f021402dcdb9f0b9,https://i.scdn.co/image/ab67616100005174f316bf60f021402dcdb9f0b9,https://i.scdn.co/image/ab6761610000f178f316bf60f021402dcdb9f0b9,82.0,artist,spotify:artist:07YUOmWljBTXwIseAUd9TW,pop,4.0
111,Pastor Lopez,238272.0,6Ud6RjvNXVe39mKiGUb7zE,https://i.scdn.co/image/ab67616d0000b273617af5ddf03823f57f48b408,https://i.scdn.co/image/ab67616d00001e02617af5ddf03823f57f48b408,https://i.scdn.co/image/ab67616d00004851617af5ddf03823f57f48b408,52.0,artist,spotify:artist:6Ud6RjvNXVe39mKiGUb7zE,latino,8.333333333333334
112,James Brown,2026372.0,7GaxyUddsPok8BuhxN6OUW,https://i.scdn.co/image/ab6761610000e5eb158342aa8bb8a192c778f2a5,https://i.scdn.co/image/ab67616100005174158342aa8bb8a192c778f2a5,https://i.scdn.co/image/ab6761610000f178158342aa8bb8a192c778f2a5,64.0,artist,spotify:artist:7GaxyUddsPok8BuhxN6OUW,rock,9.0
113,Billy Talent,1197252.0,08yf5A2nS4XEeNvabDXqyg,https://i.scdn.co/image/ab6761610000e5eb8258da65d03c3638cb6fe484,https://i.scdn.co/image/ab676161000051748258da65d03c3638cb6fe484,https://i.scdn.co/image/ab6761610000f1788258da65d03c3638cb6fe484,66.0,artist,spotify:artist:08yf5A2nS4XEeNvabDXqyg,rock,13.0
114,Glass Animals,3738986.0,4yvcSjfu4PC0CYQyLy4wSq,https://i.scdn.co/image/ab6761610000e5eb66b27eccb69756f8eceabc23,https://i.scdn.co/image/ab6761610000517466b27eccb69756f8eceabc23,https://i.scdn.co/image/ab6761610000f17866b27eccb69756f8eceabc23,78.0,artist,spotify:artist:4yvcSjfu4PC0CYQyLy4wSq,pop,7.0
115,Dua Lipa,39376607.0,6M2wZ9GZgrQXHCFfjv46we,https://i.scdn.co/image/ab6761610000e5ebd42a27db3286b58553da8858,https://i.scdn.co/image/ab67616100005174d42a27db3286b58553da8858,https://i.scdn.co/image/ab6761610000f178d42a27db3286b58553da8858,88.0,artist,spotify:artist:6M2wZ9GZgrQXHCFfjv46we,pop,3.0
116,Milow,186237.0,6mo0UbyIvIePdXNyLwQlk5,https://i.scdn.co/image/ab6761610000e5eb2e489ab75b6e3172632bc9fc,https://i.scdn.co/image/ab676161000051742e489ab75b6e3172632bc9fc,https://i.scdn.co/image/ab6761610000f1782e489ab75b6e3172632bc9fc,58.0,artist,spotify:artist:6mo0UbyIvIePdXNyLwQlk5,pop,28.5
117,Oasis,8521071.0,2DaxqgrOhkeH0fpeiQq2f4,https://i.scdn.co/image/ab6761610000e5ebdead744163b14dc0ea8ad01f,https://i.scdn.co/image/ab67616100005174dead744163b14dc0ea8ad01f,https://i.scdn.co/image/ab6761610000f178dead744163b14dc0ea8ad01f,77.0,artist,spotify:artist:2DaxqgrOhkeH0fpeiQq2f4,rock,7.0
118,Cristobal Tapia De Veer,40836.0,3uUcdriXzvaQapjo3a4DZR,https://i.scdn.co/image/ab6761610000e5ebbe246682bef37c0895a0e5de,https://i.scdn.co/image/ab67616100005174be246682bef37c0895a0e5de,https://i.scdn.co/image/ab6761610000f178be246682bef37c0895a0e5de,58.0,artist,spotify:artist:3uUcdriXzvaQapjo3a4DZR,pop,6.666666666666667
119,Bob Marley & The Wailers,11415672.0,2QsynagSdAqZj3U9HgDzjD,https://i.scdn.co/image/b5aae2067db80f694a980e596e7f49618c1206c9,https://i.scdn.co/image/4cd57e5e12ea2c24644c40886d65a9b22eca9802,https://i.scdn.co/image/02fd758d9805ef44d1caafc35ff17a47f9dff098,80.0,artist,spotify:artist:2QsynagSdAqZj3U9HgDzjD,rock,5.666666666666667
120,Smash Mouth,940722.0,2iEvnFsWxR0Syqu2JNopAd,https://i.scdn.co/image/ab6761610000e5ebd58661b3aa9d077580e8aa4e,https://i.scdn.co/image/ab67616100005174d58661b3aa9d077580e8aa4e,https://i.scdn.co/image/ab6761610000f178d58661b3aa9d077580e8aa4e,66.0,artist,spotify:artist:2iEvnFsWxR0Syqu2JNopAd,rock,15.666666666666666
121,SAINt JHN,951258.0,0H39MdGGX6dbnnQPt6NQkZ,https://i.scdn.co/image/ab6761610000e5eb2a1356370e5fce1b25df0ac9,https://i.scdn.co/image/ab676161000051742a1356370e5fce1b25df0ac9,https://i.scdn.co/image/ab6761610000f1782a1356370e5fce1b25df0ac9,71.0,artist,spotify:artist:0H39MdGGX6dbnnQPt6NQkZ,hip hop,10.0
122,Shocking Blue,129570.0,5WimOFbBnCU5wI6t5PPpEk,https://i.scdn.co/image/c1533c6ba932c6242e9e78739ce3f98b3cf6518d,https://i.scdn.co/image/59b081f1aad46518c82823ca3df7fcc004dcc999,https://i.scdn.co/image/a0baf21333005160f15ea81482aab23d7aaa0cd0,52.0,artist,spotify:artist:5WimOFbBnCU5wI6t5PPpEk,pop,4.0
123,Carolina Gait치n - La Gaita,48483.0,29PgYEggDV3cDP9QYTogwv,https://i.scdn.co/image/ab6761610000e5eb8cc4216c749728ffdeb4c9b8,https://i.scdn.co/image/ab676161000051748cc4216c749728ffdeb4c9b8,https://i.scdn.co/image/ab6761610000f1788cc4216c749728ffdeb4c9b8,61.0,artist,spotify:artist:29PgYEggDV3cDP9QYTogwv,pop,16.0
124,The Beatles,25088387.0,3WrFJ7ztbogyGnTHbHJFl2,https://i.scdn.co/image/ab6761610000e5ebe9348cc01ff5d55971b22433,https://i.scdn.co/image/ab67616100005174e9348cc01ff5d55971b22433,https://i.scdn.co/image/ab6761610000f178e9348cc01ff5d55971b22433,85.0,artist,spotify:artist:3WrFJ7ztbogyGnTHbHJFl2,rock,26.0
125,Ayax y Prok,620745.0,5Ypafuz95Xk09YDf4tgAvU,https://i.scdn.co/image/ab6761610000e5eb67eaffb24432f1aa989b511c,https://i.scdn.co/image/ab6761610000517467eaffb24432f1aa989b511c,https://i.scdn.co/image/ab6761610000f17867eaffb24432f1aa989b511c,61.0,artist,spotify:artist:5Ypafuz95Xk09YDf4tgAvU,hip hop,41.0
126,Chris Brown,19168035.0,7bXgB6jMjp9ATFy66eO08Z,https://i.scdn.co/image/ab6761610000e5ebe50aa80e0f5869f84f6874d1,https://i.scdn.co/image/ab67616100005174e50aa80e0f5869f84f6874d1,https://i.scdn.co/image/ab6761610000f178e50aa80e0f5869f84f6874d1,89.0,artist,spotify:artist:7bXgB6jMjp9ATFy66eO08Z,pop,3.0
127,Bryan Adams,3073179.0,3Z02hBLubJxuFJfhacLSDc,https://i.scdn.co/image/ab6761610000e5eb8009ff2c16ef26e06e4d6623,https://i.scdn.co/image/ab676161000051748009ff2c16ef26e06e4d6623,https://i.scdn.co/image/ab6761610000f1788009ff2c16ef26e06e4d6623,76.0,artist,spotify:artist:3Z02hBLubJxuFJfhacLSDc,rock,2.0
128,Adele,47582579.0,4dpARuHxo51G3z768sgnrY,https://i.scdn.co/image/ab6761610000e5eb68f6e5892075d7f22615bd17,https://i.scdn.co/image/ab6761610000517468f6e5892075d7f22615bd17,https://i.scdn.co/image/ab6761610000f17868f6e5892075d7f22615bd17,86.0,artist,spotify:artist:4dpARuHxo51G3z768sgnrY,pop,5.0
129,Banda Jerez,583935.0,48LhRfIdXbGSxKrYcok6Tn,https://i.scdn.co/image/ab6761610000e5eb8e1e47fb8efd356f0f5bac2b,https://i.scdn.co/image/ab676161000051748e1e47fb8efd356f0f5bac2b,https://i.scdn.co/image/ab6761610000f1788e1e47fb8efd356f0f5bac2b,44.0,artist,spotify:artist:48LhRfIdXbGSxKrYcok6Tn,latino,7.0
130,EPMD,370005.0,3zpKjsMg2gw1St5WcWoUJN,https://i.scdn.co/image/05b891a72c523a052a810172525bd317693530e4,https://i.scdn.co/image/18ef780d08250c5ac8466b5f790cee5b1f2d1131,https://i.scdn.co/image/b2ad2ea9f3a46d4877c12479a3a390fa7c346bbc,53.0,artist,spotify:artist:3zpKjsMg2gw1St5WcWoUJN,hip hop,5.0
131,The Cardigans,972893.0,1tqZaCwM57UFKjWoYwMLrw,https://i.scdn.co/image/6b0b8b24424033aac921f37c51917d8533622613,https://i.scdn.co/image/86048c679ca60d0997e9ef311139924ffc284fe0,https://i.scdn.co/image/a180aa3f942cc93d24b20f0b7921fa35e2f30aff,68.0,artist,spotify:artist:1tqZaCwM57UFKjWoYwMLrw,rock,12.0
132,Steve Lacy,3157859.0,57vWImR43h4CaDao012Ofp,https://i.scdn.co/image/ab6761610000e5eb09ac9d040c168d4e4f58eb42,https://i.scdn.co/image/ab6761610000517409ac9d040c168d4e4f58eb42,https://i.scdn.co/image/ab6761610000f17809ac9d040c168d4e4f58eb42,83.0,artist,spotify:artist:57vWImR43h4CaDao012Ofp,rock,2.0
133,Wiz Khalifa,10986973.0,137W8MRPWKqSmrBGDBFSop,https://i.scdn.co/image/ab6761610000e5eb4bdf6db5203f2a0e44002620,https://i.scdn.co/image/ab676161000051744bdf6db5203f2a0e44002620,https://i.scdn.co/image/ab6761610000f1784bdf6db5203f2a0e44002620,83.0,artist,spotify:artist:137W8MRPWKqSmrBGDBFSop,hip hop,7.0
134,Macklemore,2036290.0,3JhNCzhSMTxs9WLGJJxWOY,https://i.scdn.co/image/ab6761610000e5eb488b3b242f97163a7f8e17b9,https://i.scdn.co/image/ab67616100005174488b3b242f97163a7f8e17b9,https://i.scdn.co/image/ab6761610000f178488b3b242f97163a7f8e17b9,79.0,artist,spotify:artist:3JhNCzhSMTxs9WLGJJxWOY,hip hop,6.5
135,U2,10965427.0,51Blml2LZPmy7TTiAg47vQ,https://i.scdn.co/image/ab6761610000e5ebbfdf5b8c863b5f8c4519e032,https://i.scdn.co/image/ab67616100005174bfdf5b8c863b5f8c4519e032,https://i.scdn.co/image/ab6761610000f178bfdf5b8c863b5f8c4519e032,79.0,artist,spotify:artist:51Blml2LZPmy7TTiAg47vQ,rock,3.0
136,JAY-Z,8287041.0,3nFkdlSjzX9mRTtwJOzDYB,https://i.scdn.co/image/ab6761610000e5ebc75afcd5a9027f60eaebb5e4,https://i.scdn.co/image/ab67616100005174c75afcd5a9027f60eaebb5e4,https://i.scdn.co/image/ab6761610000f178c75afcd5a9027f60eaebb5e4,85.0,artist,spotify:artist:3nFkdlSjzX9mRTtwJOzDYB,hip hop,3.5
137,Maroon 5,40201745.0,04gDigrS5kc9YWfZHwBETP,https://i.scdn.co/image/ab6761610000e5eb288ac05481cedc5bddb5b11b,https://i.scdn.co/image/ab67616100005174288ac05481cedc5bddb5b11b,https://i.scdn.co/image/ab6761610000f178288ac05481cedc5bddb5b11b,86.0,artist,spotify:artist:04gDigrS5kc9YWfZHwBETP,pop,6.666666666666667
138,Feid,4631624.0,2LRoIwlKmHjgvigdNGBHNo,https://i.scdn.co/image/ab6761610000e5eba6d584ea736496603416c989,https://i.scdn.co/image/ab67616100005174a6d584ea736496603416c989,https://i.scdn.co/image/ab6761610000f178a6d584ea736496603416c989,93.0,artist,spotify:artist:2LRoIwlKmHjgvigdNGBHNo,pop,2.5
139,Imagine Dragons,47011637.0,53XhwfbYqKCa1cC15pYq2q,https://i.scdn.co/image/ab6761610000e5eb920dc1f617550de8388f368e,https://i.scdn.co/image/ab67616100005174920dc1f617550de8388f368e,https://i.scdn.co/image/ab6761610000f178920dc1f617550de8388f368e,89.0,artist,spotify:artist:53XhwfbYqKCa1cC15pYq2q,rock,2.0
140,Barricada,203115.0,5llr3wJl6JrJoHSJAR804R,https://i.scdn.co/image/d0e9f27b8754204fd2ed88b12331941c10e68dd4,https://i.scdn.co/image/81540c9167380b22014679c512805aa2d40f867f,https://i.scdn.co/image/2b3f7c135a86b020075a7148d2a131e5280f5fce,50.0,artist,spotify:artist:5llr3wJl6JrJoHSJAR804R,rock,8.0
141,Fort Minor,579473.0,7dWYWUbO68rXJOcyA7SpJk,https://i.scdn.co/image/ab6761610000e5eb53a76aaa221c3214f14c4c21,https://i.scdn.co/image/ab6761610000517453a76aaa221c3214f14c4c21,https://i.scdn.co/image/ab6761610000f17853a76aaa221c3214f14c4c21,61.0,artist,spotify:artist:7dWYWUbO68rXJOcyA7SpJk,hip hop,3.0
142,Guns N' Roses,28394767.0,3qm84nBOXUEQ2vnTfUTTFC,https://i.scdn.co/image/ab6761610000e5eb50defaf9fc059a1efc541f4c,https://i.scdn.co/image/ab6761610000517450defaf9fc059a1efc541f4c,https://i.scdn.co/image/ab6761610000f17850defaf9fc059a1efc541f4c,80.0,artist,spotify:artist:3qm84nBOXUEQ2vnTfUTTFC,rock,6.0
143,Wham!,2267264.0,5lpH0xAS4fVfLkACg9DAuM,https://i.scdn.co/image/028bf41acbd7858a4a8acf688a392d4ee9e369ef,https://i.scdn.co/image/c08fb3528aa5be6395a2a49104b1af9ae2344b47,https://i.scdn.co/image/cdde1f06ec2ac6defe5d678444a357ce2ac49040,68.0,artist,spotify:artist:5lpH0xAS4fVfLkACg9DAuM,rock,3.0
144,The Vogues,60939.0,0Ma8KxtvoIDSU5fHtuTS9F,https://i.scdn.co/image/ab67616d0000b273526603f637abbb18655e5683,https://i.scdn.co/image/ab67616d00001e02526603f637abbb18655e5683,https://i.scdn.co/image/ab67616d00004851526603f637abbb18655e5683,40.0,artist,spotify:artist:0Ma8KxtvoIDSU5fHtuTS9F,pop,4.0
145,Johnny Cash,5811447.0,6kACVPfCOnqzgfEF5ryl0x,https://i.scdn.co/image/ab6761610000e5eb152cf48cf9541c7061570857,https://i.scdn.co/image/ab67616100005174152cf48cf9541c7061570857,https://i.scdn.co/image/ab6761610000f178152cf48cf9541c7061570857,75.0,artist,spotify:artist:6kACVPfCOnqzgfEF5ryl0x,rock,25.0
146,Fito y Fitipaldis,1802723.0,1tZ99AnqyjgrmPwLfGU5eo,https://i.scdn.co/image/ab6761610000e5ebd5ed89f6dd4961b5442ea527,https://i.scdn.co/image/ab67616100005174d5ed89f6dd4961b5442ea527,https://i.scdn.co/image/ab6761610000f178d5ed89f6dd4961b5442ea527,67.0,artist,spotify:artist:1tZ99AnqyjgrmPwLfGU5eo,rock,7.4
147,Fugees,1228324.0,2WKdxPFRD7IqZvlIAvhMgY,https://i.scdn.co/image/dd757e1fca99ac0a3da9aa6c2969bc696cc672ce,https://i.scdn.co/image/52bae8b59a21ec1ee6bc07a1e08382333bea27d6,https://i.scdn.co/image/40c72b016b1b8c88cd92de52ee6150b3fa4377c5,67.0,artist,spotify:artist:2WKdxPFRD7IqZvlIAvhMgY,hip hop,3.0
148,The Beach Boys,4064076.0,3oDbviiivRWhXwIE8hxkVV,https://i.scdn.co/image/ab6761610000e5eb92602f233ce2295748f44603,https://i.scdn.co/image/ab6761610000517492602f233ce2295748f44603,https://i.scdn.co/image/ab6761610000f17892602f233ce2295748f44603,73.0,artist,spotify:artist:3oDbviiivRWhXwIE8hxkVV,rock,3.0
149,Queen,46168543.0,1dfeR4HaWDbWqFHLkxsg1d,https://i.scdn.co/image/b040846ceba13c3e9c125d68389491094e7f2982,https://i.scdn.co/image/af2b8e57f6d7b5d43a616bd1e27ba552cd8bfd42,https://i.scdn.co/image/c06971e9ff81696699b829484e3be165f4e64368,85.0,artist,spotify:artist:1dfeR4HaWDbWqFHLkxsg1d,rock,4.8
150,Bizarrap,10201816.0,716NhGYqD1jl2wI1Qkgq36,https://i.scdn.co/image/ab6761610000e5eb12085fdb28f314e01ef73a19,https://i.scdn.co/image/ab6761610000517412085fdb28f314e01ef73a19,https://i.scdn.co/image/ab6761610000f17812085fdb28f314e01ef73a19,87.0,artist,spotify:artist:716NhGYqD1jl2wI1Qkgq36,hip hop,6.0
151,Manuel Turizo,11917331.0,0tmwSHipWxN12fsoLcFU3B,https://i.scdn.co/image/ab6761610000e5eba178aa24ac5e4fe87cb7e319,https://i.scdn.co/image/ab67616100005174a178aa24ac5e4fe87cb7e319,https://i.scdn.co/image/ab6761610000f178a178aa24ac5e4fe87cb7e319,85.0,artist,spotify:artist:0tmwSHipWxN12fsoLcFU3B,pop,2.0
152,BLACKPINK,39575808.0,41MozSoPIsD1dJM0CLPjZF,https://i.scdn.co/image/ab6761610000e5ebc9690bc711d04b3d4fd4b87c,https://i.scdn.co/image/ab67616100005174c9690bc711d04b3d4fd4b87c,https://i.scdn.co/image/ab6761610000f178c9690bc711d04b3d4fd4b87c,86.0,artist,spotify:artist:41MozSoPIsD1dJM0CLPjZF,pop,2.0
153,The Weeknd,62873991.0,1Xyo4u8uXC1ZmMpatF05PJ,https://i.scdn.co/image/ab6761610000e5ebb5f9e28219c169fd4b9e8379,https://i.scdn.co/image/ab67616100005174b5f9e28219c169fd4b9e8379,https://i.scdn.co/image/ab6761610000f178b5f9e28219c169fd4b9e8379,97.0,artist,spotify:artist:1Xyo4u8uXC1ZmMpatF05PJ,pop,3.0
154,Norman Greenbaum,61489.0,7f8LNBVXN0h35veHrpxQFL,https://i.scdn.co/image/0eb947b89f490acd881efd2f73e4cb931e046810,https://i.scdn.co/image/86d4fa144d367e1fc7111af6c2ae2e8b9251ac00,https://i.scdn.co/image/d510f1f9edb3225c520c49b4e7d9b72de02188bd,57.0,artist,spotify:artist:7f8LNBVXN0h35veHrpxQFL,rock,6.0
155,38 Spesh,44941.0,32cT1WQRSDg4xsReG7eqyT,https://i.scdn.co/image/ab6761610000e5eb05d9fdf74d1500efaceee3da,https://i.scdn.co/image/ab6761610000517405d9fdf74d1500efaceee3da,https://i.scdn.co/image/ab6761610000f17805d9fdf74d1500efaceee3da,50.0,artist,spotify:artist:32cT1WQRSDg4xsReG7eqyT,hip hop,4.0
156,Creedence Clearwater Revival,5691476.0,3IYUhFvPQItj6xySrBmZkd,https://i.scdn.co/image/ab6761610000e5ebd2e2b04b7ba5d60b72f54506,https://i.scdn.co/image/ab67616100005174d2e2b04b7ba5d60b72f54506,https://i.scdn.co/image/ab6761610000f178d2e2b04b7ba5d60b72f54506,80.0,artist,spotify:artist:3IYUhFvPQItj6xySrBmZkd,rock,38.25
157,Luigi Boccherini,101327.0,2l4vGfFV7e46yO8lxfxR76,https://i.scdn.co/image/817aecce7df6ff9d28a1be100108ff04901f0752,https://i.scdn.co/image/06702e382a7515fa3b059f6c8bd3340009abdeaa,https://i.scdn.co/image/bd30be0f8245083c38b651a7ea89ef98a18f2fd5,51.0,artist,spotify:artist:2l4vGfFV7e46yO8lxfxR76,classical,6.0
